Time Elapsed (Hour),Tidal State,V1,V2,V3,V1+V2,R1 = V2/V1,R2 = V2/V3,R3 = V1/V3,"R4 = V1/V2
=1/R1","R5 = V3/V1
=1/R3","R6 = V1/V2
=1/R2"
0.00,State1,50.0396,-145.612,-123.802,-95.5724,-2.909935331,1.176168398,-0.404190562,-0.343650249,-2.474080528,-0.343650249
0.05,State1,18.6017,-145.386,-154.986,-126.7843,-7.815737271,0.938058921,-0.120021808,-0.127946983,-8.331819135,-0.127946983
0.10,State1,-37.265,-138.475,-194.223,-175.74,3.715953307,0.712969113,0.191867081,0.269109948,5.2119415,0.269109948
0.15,State1,-106.899,-120.231,-246.103,-227.13,1.124715853,0.488539351,0.434366911,0.889113457,2.302201143,0.889113457
0.18,State1,-174.343,-100.796,-294.993,-275.139,0.578147674,0.341689464,0.591007244,1.729661891,1.692026637,1.729661891
0.23,State1,-244.459,-84.5619,-349.073,-329.0209,0.345914448,0.242247037,0.700309104,2.890888213,1.427940882,2.890888213
0.28,State1,-320.974,-77.5757,-409.259,-398.5497,0.241688423,0.189551604,0.784280859,4.13755854,1.275053431,4.13755854
0.32,State1,-388.653,-74.2115,-473.126,-462.8645,0.190945393,0.156853565,0.821457709,5.237099371,1.217348123,5.237099371
0.37,State1,-451.386,-69.4551,-527.378,-520.8411,0.153870745,0.131698895,0.85590601,6.498961199,1.168352585,6.498961199
0.42,State1,-507.534,-57.3918,-568.501,-564.9258,0.113079715,0.100952857,0.892758324,8.84331908,1.120123972,8.84331908
0.45,State1,-552.019,-44.9988,-601.916,-597.0178,0.081516759,0.074759269,0.917103051,12.26741602,1.090390005,12.26741602
0.50,State1,-585.492,-33.9315,-626.444,-619.4235,0.057953823,0.054165257,0.934627836,17.25511693,1.069944594,17.25511693
0.55,State1,-608.165,-33.7015,-649.231,-641.8665,0.05541506,0.051909875,0.936746705,18.04563595,1.067524438,18.04563595
0.60,State1,-620.049,-45.245,-671.979,-665.294,0.072970039,0.067330973,0.922720799,13.70425461,1.083751445,13.70425461
0.63,State1,-628.414,-57.4706,-693.293,-685.8846,0.091453405,0.082895111,0.906419075,10.93453,1.103242448,10.93453
0.68,State1,-636.847,-67.8784,-713.208,-704.7254,0.106585098,0.095173358,0.892933057,9.382174595,1.119904781,9.382174595
0.73,State1,-645.567,-69.6553,-726.557,-715.2223,0.107897863,0.095870386,0.888529049,9.268024113,1.125455607,9.268024113
0.77,State1,-653.402,-66.7157,-732.414,-720.1177,0.102105136,0.091090148,0.892121123,9.793826641,1.120924025,9.793826641
0.82,State1,-662.878,-61.5205,-736.244,-724.3985,0.092808179,0.083559934,0.900350971,10.77491243,1.110677983,10.77491243
0.87,State1,-671.307,-53.9743,-734.125,-725.2813,0.080401813,0.073521948,0.914431466,12.43753045,1.093575667,12.43753045
0.90,State1,-677.6,-45.1541,-731.056,-722.7541,0.066638282,0.061765583,0.926878379,15.00638923,1.078890201,15.00638923
0.95,State1,-685.058,-37.0591,-729.642,-722.1171,0.054096295,0.050790799,0.938896061,18.48555416,1.065080621,18.48555416
1.00,State1,-690.84,-30.2314,-727.084,-721.0714,0.04376035,0.041578965,0.950151564,22.85173694,1.052463667,22.85173694
1.05,State1,-691.106,-27.3666,-722.705,-718.4726,0.039598267,0.037866903,0.956276766,25.25363034,1.045722364,25.25363034
1.08,State1,-689.424,-25.2223,-718.033,-714.6463,0.036584598,0.035126937,0.960156427,27.3339069,1.04149696,27.3339069
1.13,State1,-693.296,-21.3756,-716.578,-714.6716,0.030831852,0.029830109,0.967509469,32.43399016,1.033581616,32.43399016
1.18,State1,-694.143,-17.7247,-714.532,-711.8677,0.025534652,0.024806027,0.971465239,39.16246819,1.02937291,39.16246819
1.22,State1,-691.627,-14.9669,-710.603,-706.5939,0.021640133,0.021062253,0.973295919,46.2104377,1.027436754,46.2104377
1.27,State1,-689.92,-15.6416,-708.279,-705.5616,0.022671614,0.022083953,0.974079424,44.10801964,1.026610332,44.10801964
1.32,State1,-687.918,-18.118,-708.925,-706.036,0.026337441,0.025557005,0.97036781,37.96876035,1.03053707,37.96876035
1.35,State1,-684.704,-19.7134,-706.578,-704.4174,0.028791127,0.027899821,0.969042342,34.73292278,1.031946651,34.73292278
1.40,State1,-679.94,-17.7494,-699.701,-697.6894,0.026104362,0.025367121,0.971757937,38.30777378,1.029062858,38.30777378
1.45,State1,-675.631,-13.3325,-691.574,-688.9635,0.019733405,0.019278486,0.976946791,50.67549222,1.0235972,50.67549222
1.50,State1,-671.603,-8.35258,-683.14,-679.95558,0.012436782,0.012226747,0.983111807,80.40665279,1.017178303,80.40665279
1.53,State1,-666.725,-6.26232,-675.791,-672.98732,0.009392658,0.009266652,0.98658461,106.466134,1.01359781,106.466134
1.58,State1,-660.545,-6.96642,-669.679,-667.51142,0.010546473,0.010402626,0.986360629,94.81842898,1.013827975,94.81842898
1.63,State1,-654.206,-8.21955,-664.087,-662.42555,0.012564162,0.012377219,0.985120925,79.59146182,1.015103805,79.59146182
1.67,State1,-647.9,-8.32642,-657.877,-656.22642,0.012851397,0.0126565,0.984834551,77.81255329,1.015398981,77.81255329
1.72,State1,-641.098,-6.04859,-649.319,-647.14659,0.009434735,0.009315283,0.987339043,105.9913137,1.012823313,105.9913137
1.77,State1,-633.498,-3.17695,-638.837,-636.67495,0.005014933,0.004973021,0.991642626,199.4044603,1.008427809,199.4044603
1.80,State1,-625.402,-0.488577,-627.815,-625.890577,0.000781221,0.000778218,0.996156511,1280.047976,1.003858318,1280.047976
1.85,State1,-616.699,1.49005,-616.41,-615.20895,-0.002416171,-0.002417303,1.000468844,-413.8780578,0.999531376,-413.8780578
1.90,State1,-606.833,3.55077,-604.109,-603.28223,-0.005851313,-0.005877698,1.00450912,-170.9018044,0.995511121,-170.9018044
1.95,State1,-596.524,5.38317,-592.235,-591.14083,-0.00902423,-0.009089584,1.007242058,-110.8127739,0.992810013,-110.8127739
1.98,State1,-585.918,6.59433,-580.478,-579.32367,-0.011254698,-0.011360172,1.009371587,-88.85178631,0.990715424,-88.85178631
2.03,State2,-574.109,7.22915,-567.597,-566.87985,-0.012591947,-0.012736413,1.011472929,-79.41583727,0.988657206,-79.41583727
2.08,State2,-560.955,7.68434,-554.125,-553.27066,-0.013698675,-0.013867521,1.012325739,-72.99976315,0.987824335,-72.99976315
2.12,State2,-551.83,10.4549,-541.636,-541.3751,-0.018945871,-0.019302447,1.018820758,-52.78194913,0.98152692,-52.78194913
2.17,State2,-542.785,14.0048,-529.299,-528.7802,-0.025801745,-0.026459147,1.025478983,-38.757069,0.975154067,-38.757069
2.22,State2,-532.606,17.1366,-516.556,-515.4694,-0.032175004,-0.033174719,1.031071171,-31.08002754,0.969865154,-31.08002754
2.25,State2,-522.466,18.9739,-503.638,-503.4921,-0.036316047,-0.037673686,1.037383994,-27.53603634,0.963963205,-27.53603634
2.30,State2,-512.685,19.8209,-492.687,-492.8641,-0.038660971,-0.040230207,1.040589664,-25.86587895,0.960993593,-25.86587895
2.35,State2,-502.437,21.3279,-480.664,-481.1091,-0.042448904,-0.044371744,1.045297755,-23.55773424,0.956665214,-23.55773424
2.40,State2,-490.462,24.5662,-464.395,-465.8958,-0.050087876,-0.052899364,1.056131095,-19.96491114,0.946852152,-19.96491114
2.43,State2,-477.727,29.2796,-447.317,-448.4474,-0.061289398,-0.065456041,1.067983108,-16.31603574,0.936344398,-16.31603574
2.48,State2,-464.614,33.6739,-429.856,-430.9401,-0.072477153,-0.078337629,1.080859637,-13.79745144,0.925189512,-13.79745144
2.53,State2,-450.565,36.717,-412.616,-413.848,-0.081491017,-0.088985885,1.091971712,-12.27129123,0.915774639,-12.27129123
2.57,State2,-434.15,36.8552,-395.795,-397.2948,-0.084890476,-0.093116891,1.096906227,-11.77988452,0.911654958,-11.77988452
2.62,State2,-417.375,36.7397,-378.931,-380.6353,-0.088025636,-0.096956174,1.101453827,-11.36032684,0.907890985,-11.36032684
2.67,State2,-400.144,36.9691,-361.514,-363.1749,-0.09238949,-0.102261876,1.106856166,-10.82374199,0.903459754,-10.82374199
2.70,State2,-382.122,38.15,-343.058,-343.972,-0.099837225,-0.111205685,1.113869958,-10.01630406,0.897770869,-10.01630406
2.75,State2,-363.308,39.9581,-322.49,-323.3499,-0.109984091,-0.123904927,1.126571367,-9.092224105,0.887649047,-9.092224105
2.80,State2,-344.114,41.5023,-301.77,-302.6117,-0.120606253,-0.137529576,1.140318786,-8.291444089,0.876947756,-8.291444089
2.85,State2,-324.561,43.1646,-280.468,-281.3964,-0.132993798,-0.153902049,1.157212231,-7.519147635,0.864145723,-7.519147635
2.88,State2,-304.42,45.0762,-258.071,-259.3438,-0.1480724,-0.174665887,1.179597863,-6.753453042,0.847746534,-6.753453042
2.93,State2,-283.734,47.1953,-235.498,-236.5387,-0.166336428,-0.200406373,1.204825519,-6.011912203,0.8299957,-6.011912203
2.98,State2,-262.742,49.3043,-212.465,-213.4377,-0.187652907,-0.232058457,1.236636623,-5.328987533,0.808644983,-5.328987533
3.02,State2,-240.946,51.0493,-188.567,-189.8967,-0.211870295,-0.270722343,1.277773948,-4.719868833,0.782611041,-4.719868833
3.07,State2,-217.471,52.7571,-163.224,-164.7139,-0.242593725,-0.323219012,1.332346959,-4.12211816,0.750555246,-4.12211816
3.12,State2,-217.927,61.8427,-148.317,-156.0843,-0.283777136,-0.416962991,1.469332578,-3.523892068,0.680581112,-3.523892068
3.15,State2,-222.121,74.7161,-140.076,-147.4049,-0.336375669,-0.53339687,1.585717753,-2.972866624,0.630629252,-2.972866624
3.20,State2,-223.116,86.7912,-129.976,-136.3248,-0.388995859,-0.667747892,1.716593833,-2.570721456,0.582548988,-2.570721456
3.25,State2,-224.401,93.8972,-119.627,-130.5038,-0.418434855,-0.784916449,1.875839066,-2.389858271,0.533094772,-2.389858271
3.30,State2,-229.497,95.0013,-123.087,-134.4957,-0.413954431,-0.77182237,1.864510468,-2.415724837,0.536333808,-2.415724837
3.33,State2,-233.891,95.2691,-127.607,-138.6219,-0.407322642,-0.746582084,1.832901016,-2.455056256,0.545583199,-2.455056256
3.38,State2,-235.226,95.4279,-126.166,-139.7981,-0.405686021,-0.756367801,1.864416721,-2.464960457,0.536360776,-2.464960457
3.43,State2,-230.745,100.1,-116.85,-130.645,-0.433812217,-0.85665383,1.974711168,-2.305144855,0.506403172,-2.305144855
3.47,State2,-227.243,105.813,-108.33,-121.43,-0.465638105,-0.976765439,2.097692237,-2.147590561,0.476714354,-2.147590561
3.52,State2,-223.34,111.41,-99.1291,-111.93,-0.498835856,-1.12388794,2.253021565,-2.004667445,0.443848393,-2.004667445
3.57,State2,-215.328,113.553,-89.5597,-101.775,-0.527348975,-1.267902863,2.404295682,-1.896277509,0.415922221,-1.896277509
3.60,State2,-203.477,110.542,-80.3047,-92.935,-0.543265332,-1.376532133,2.533811844,-1.840721174,0.394662296,-1.840721174
3.65,State2,-193.467,108.33,-72.3346,-85.137,-0.559940455,-1.497623544,2.67461215,-1.785904182,0.373885986,-1.785904182
3.70,State2,-183.288,106.702,-63.7389,-76.586,-0.58215486,-1.674048344,2.875606576,-1.717755993,0.347752717,-1.717755993
3.75,State2,-170.892,107.659,-52.2377,-63.233,-0.629982679,-2.06094449,3.271430404,-1.587345229,0.305676685,-1.587345229
3.78,State2,-159.053,109.539,-38.4877,-49.514,-0.688694963,-2.846078098,4.132567028,-1.452021654,0.241980346,-1.452021654
3.83,State2,-147.761,111.205,-24.4283,-36.556,-0.752600483,-4.552302043,6.048763115,-1.328726226,0.165323055,-1.328726226
3.88,State2,-133.202,115.176,-2.78507,-18.026,-0.864671702,-41.35479539,47.82716413,-1.1565083,0.02090862,-1.1565083
3.92,State2,-115.321,123.204,23.0063,7.883,-1.068357021,5.355228785,-5.01258351,-0.936016688,-0.199497923,-0.936016688
3.97,State2,-98.8944,130.705,47.0903,31.8106,-1.321662298,2.775624704,-2.100101295,-0.756622929,-0.476167508,-0.756622929
4.02,State3,-80.0084,137.392,73.4752,57.3836,-1.717219692,1.869909847,-1.088917077,-0.582336672,-0.918343574,-0.582336672
4.05,State3,-52.4057,140.697,106.287,88.2913,-2.684765207,1.323746084,-0.493058417,-0.37247205,-2.028157242,-0.37247205
4.10,State3,-20.6714,140.347,138.776,119.6756,-6.789428873,1.011320401,-0.148955151,-0.147287794,-6.71343015,-0.147287794
4.15,State3,10.2435,138.89,167.928,149.1335,13.55884219,0.827080654,0.060999357,0.07375261,16.39361546,0.07375261
4.20,State3,45.021,135.808,198.357,180.829,3.016547833,0.684664519,0.226969555,0.331504771,4.405877257,0.331504771
4.23,State3,87.223,129.527,232.144,216.75,1.485009688,0.557959715,0.375727996,0.67339628,2.661499834,0.67339628
4.28,State3,129.349,121.975,266.855,251.324,0.942991442,0.457083435,0.484716419,1.060455011,2.063061949,1.060455011
4.33,State3,169.393,114.85,298.44,284.243,0.678009127,0.384834473,0.567594826,1.4749064,1.761820146,1.4749064
4.37,State3,208.938,107.665,328.718,316.603,0.515296404,0.32752998,0.635614721,1.94063066,1.573280112,1.94063066
4.42,State3,247.48,101.886,359.38,349.366,0.411693874,0.283504925,0.688630419,2.428989263,1.45215775,2.428989263
4.47,State3,280.28,94.5136,382.337,374.7936,0.33721136,0.247199722,0.733070563,2.965499145,1.364125161,2.965499145
4.50,State3,309.035,86.2581,403.094,395.2931,0.279120812,0.213990037,0.766657405,3.582678033,1.304363583,3.582678033
4.55,State3,334.154,80.2219,421.628,414.3759,0.240074636,0.190267013,0.792532754,4.165371301,1.261777504,4.165371301
4.60,State3,354.768,75.7282,438.681,430.4962,0.213458373,0.172627034,0.808715217,4.68475416,1.236529225,4.68475416
4.65,State3,367.785,76.9917,453.754,444.7767,0.20933888,0.169677182,0.810538309,4.776943489,1.233747978,4.776943489
4.68,State3,378.908,81.52,470.14,460.428,0.215144573,0.173395159,0.805947165,4.648037291,1.240776125,4.648037291
4.73,State3,385.509,86.9108,483.206,472.4198,0.225444283,0.179862833,0.797815011,4.435685784,1.253423396,4.435685784
4.78,State3,387.942,92.6369,492.43,480.5789,0.238790592,0.188121967,0.787811466,4.187769668,1.269339231,4.187769668
4.82,State3,389.831,95.3767,497.703,485.2077,0.244661661,0.191633766,0.783260298,4.087277081,1.276714782,4.087277081
4.87,State3,394.057,94.6803,501.446,488.7373,0.24027057,0.188814548,0.785841347,4.161974561,1.272521488,4.161974561
4.92,State3,398.187,92.5323,504.305,490.7193,0.232384031,0.183484796,0.789575753,4.303221686,1.266502925,4.303221686
4.95,State3,401.234,89.8336,505.185,491.0676,0.223893289,0.177823174,0.794231816,4.466413458,1.259078244,4.466413458
5.00,State3,406.77,86.5982,506.268,493.3682,0.212892298,0.171052091,0.803467729,4.697210797,1.244605059,4.697210797
5.05,State3,413.134,83.6285,508.933,496.7625,0.202424637,0.164321237,0.811765006,4.94011013,1.231883602,4.94011013
5.10,State3,422.476,79.6821,512.266,502.1581,0.1886074,0.155548289,0.82471997,5.302018898,1.212532783,5.302018898
5.13,State3,435.964,73.6934,520.277,509.6574,0.169035517,0.141642625,0.83794594,5.915916486,1.193394409,5.915916486
5.18,State3,448.52,68.5591,527.248,517.0791,0.152856283,0.130031977,0.850681273,6.54209288,1.175528405,6.54209288
5.23,State3,459.201,64.3725,533.956,523.5735,0.14018371,0.120557686,0.859997828,7.133496446,1.162793635,7.133496446
5.27,State3,470.514,61.4076,541.243,531.9216,0.130511738,0.113456617,0.869321174,7.662146054,1.150322838,7.662146054
5.32,State3,481.747,59.9738,550.573,541.7208,0.124492317,0.108929788,0.874992054,8.032624246,1.142867522,8.032624246
5.37,State3,491.825,58.9538,560.114,550.7788,0.119867433,0.105253216,0.878080177,8.34254959,1.138848168,8.34254959
5.40,State3,500.746,58.3143,568.511,559.0603,0.116454849,0.102573741,0.880802658,8.587018964,1.13532809,8.587018964
5.45,State3,509.629,57.3671,576.199,566.9961,0.112566396,0.099561263,0.884466998,8.883645853,1.130624435,8.883645853
5.50,State3,517.306,56.099,582.368,573.405,0.108444518,0.096329125,0.888280263,9.221305193,1.12577082,9.221305193
5.55,State3,524.778,54.3523,588.409,579.1303,0.103571987,0.092371633,0.891859234,9.65512039,1.121253178,9.65512039
5.58,State3,532.128,52.0668,593.504,584.1948,0.097846383,0.0877278,0.896587049,10.22010187,1.11534067,10.22010187
5.63,State3,539.276,50.0557,598.662,589.3317,0.092820189,0.083612623,0.900802122,10.7735183,1.110121719,10.7735183
5.68,State3,545.696,48.4463,603.502,594.1423,0.088778917,0.080275293,0.904215728,11.26393553,1.105930775,11.26393553
5.72,State3,552.151,47.0386,608.44,599.1896,0.085191551,0.07731017,0.907486359,11.73825326,1.101944939,11.73825326
5.77,State3,558.66,45.825,613.733,604.485,0.082026635,0.074666019,0.910265539,12.19116203,1.098580532,12.19116203
5.82,State3,565.121,44.7748,619.31,609.8958,0.079230466,0.07229788,0.912501009,12.62140758,1.095889199,12.62140758
5.85,State3,571.237,43.3912,624.011,614.6282,0.075960066,0.069535954,0.915427773,13.16481222,1.092385472,13.16481222
5.90,State3,577.325,41.8183,628.301,619.1433,0.072434591,0.066557749,0.918866913,13.80555881,1.088296887,13.80555881
5.95,State3,583.171,40.0564,632.36,623.2274,0.068687229,0.063344298,0.922213612,14.55874717,1.084347473,14.55874717
6.00,State4,589.187,38.0663,636.315,627.2533,0.06460818,0.059823044,0.925936054,15.47791616,1.079988187,15.47791616
6.03,State4,595.112,35.833,640.116,630.945,0.060212195,0.055978916,0.929693993,16.60793124,1.07562274,16.60793124
6.08,State4,600.045,33.8497,643.044,633.8947,0.056411936,0.052639788,0.933132103,17.72674499,1.071659626,17.72674499
6.13,State4,603.37,34.6342,646.736,638.0042,0.057401263,0.0535523,0.932946365,17.42121949,1.07187298,17.42121949
6.17,State4,606.568,36.2216,651.044,642.7896,0.059715646,0.055636178,0.931685109,16.74602999,1.073324013,16.74602999
6.22,State4,609.621,37.9748,656.061,647.5958,0.062292474,0.057883032,0.929213899,16.05330377,1.076178478,16.05330377
6.27,State4,612.145,40.1031,660.571,652.2481,0.065512419,0.06070975,0.926690696,15.26428131,1.079108708,15.26428131
6.30,State4,613.489,42.1285,664.301,655.6175,0.068670343,0.063417788,0.923510577,14.56232717,1.082824631,14.56232717
6.35,State4,614.944,43.142,666.938,658.086,0.070155982,0.064686673,0.922040729,14.25395207,1.084550788,14.25395207
6.40,State4,616.428,44.2903,669.2,660.7183,0.071849916,0.066183951,0.921141662,13.91790076,1.085609349,13.91790076
6.45,State4,617.869,44.882,671.735,662.751,0.072639993,0.066815039,0.91981064,13.7665211,1.087180292,13.7665211
6.48,State4,618.962,45.6086,673.323,664.5706,0.073685622,0.067736584,0.919264603,13.5711686,1.08782607,13.5711686
6.53,State4,620.184,46.1932,674.996,666.3772,0.074483057,0.068434776,0.918796556,13.42587221,1.088380223,13.42587221
6.58,State4,621.283,46.8095,676.835,668.0925,0.075343282,0.069159396,0.917923866,13.27258356,1.089414969,13.27258356
6.62,State4,622.696,47.8297,679.315,670.5257,0.076810675,0.070408721,0.916652805,13.01902374,1.090925588,13.01902374
6.67,State4,623.421,48.509,680.281,671.93,0.077810982,0.071307298,0.916416892,12.85165639,1.091206424,12.85165639
6.72,State4,624.224,49.1647,682.184,673.3887,0.07876131,0.072069559,0.915037585,12.69658922,1.092851284,12.69658922
6.75,State4,625.025,50.2332,683.668,675.2582,0.080369905,0.073476015,0.914222985,12.44246833,1.093825047,12.44246833
6.80,State4,625.719,50.8491,684.827,676.5681,0.081265073,0.074251015,0.913689151,12.30540954,1.094464128,12.30540954
6.85,State4,626.119,51.2795,686.254,677.3985,0.081900565,0.07472379,0.912372095,12.20992794,1.096044043,12.20992794
6.90,State4,626.393,52.5601,687.286,678.9531,0.083909143,0.076474859,0.911400785,11.91765236,1.097212134,11.91765236
6.93,State4,627.003,53.2221,689.09,680.2251,0.084883326,0.077235339,0.909900013,11.78087674,1.099021855,11.78087674
6.98,State4,627.522,54.342,690.372,681.864,0.086597761,0.078714085,0.908962125,11.54764271,1.100155851,11.54764271
7.03,State4,627.624,55.4332,691.476,683.0572,0.088322308,0.080166484,0.9076584,11.32216794,1.101736071,11.32216794
7.07,State4,627.847,56.3924,692.867,684.2394,0.089818698,0.081389935,0.906158036,11.13353927,1.103560262,11.13353927
7.12,State4,628.281,56.6244,693.864,684.9054,0.090125915,0.081607347,0.905481478,11.09558777,1.104384821,11.09558777
7.17,State4,629.455,56.6181,694.922,686.0731,0.089947812,0.081474036,0.905792305,11.11755781,1.104005846,11.11755781
7.20,State4,629.62,56.1763,694.643,685.7963,0.089222547,0.080870749,0.906393644,11.20792932,1.103273403,11.20792932
7.25,State4,630.075,55.7906,694.559,685.8656,0.088545967,0.080325214,0.907158355,11.29356917,1.102343372,11.29356917
7.30,State4,630.598,55.1471,694.597,685.7451,0.087452069,0.079394383,0.907861681,11.4348352,1.10148938,11.4348352
7.35,State4,631.859,54.6733,695.017,686.5323,0.086527691,0.078664695,0.909127403,11.556994,1.099955845,11.556994
7.38,State4,632.681,54.094,695.452,686.775,0.085499644,0.077782507,0.909740715,11.69595519,1.099214296,11.69595519
7.43,State4,633.005,53.998,695.725,687.003,0.085304224,0.077614,0.909849438,11.72274899,1.099082946,11.72274899
7.48,State4,633.357,53.977,695.723,687.334,0.085223657,0.077584038,0.910358002,11.73383108,1.098468952,11.73383108
7.52,State4,633.905,53.761,695.866,687.666,0.084809238,0.07725769,0.910958432,11.79116832,1.09774493,11.79116832
7.57,State4,633.805,53.4392,695.29,687.2442,0.084314892,0.076858865,0.911569273,11.86030105,1.097009333,11.86030105
7.62,State4,633.513,53.0952,694.559,686.6082,0.083810751,0.076444478,0.912108259,11.93164354,1.096361085,11.93164354
7.65,State4,633.223,52.4203,693.678,685.6433,0.082783316,0.075568636,0.912848613,12.07972865,1.095471895,12.07972865
7.70,State4,632.932,51.7779,692.552,684.7099,0.081806418,0.074763917,0.913912602,12.22397973,1.094196533,12.22397973
7.75,State4,631.93,51.3359,691.371,683.2659,0.081236688,0.074252319,0.914024453,12.30970919,1.094062634,12.30970919
7.80,State4,630.788,51.1186,689.607,681.9066,0.081039272,0.074127148,0.914706492,12.33969631,1.093246859,12.33969631
7.83,State4,629.692,50.8437,688,680.5357,0.08074376,0.073900727,0.91525,12.38485791,1.092597651,12.38485791
7.88,State4,628.248,50.3273,686.347,678.5753,0.080107378,0.07332632,0.915350399,12.48324468,1.092477811,12.48324468
7.93,State4,626.681,50.2263,684.29,676.9073,0.080146518,0.073399144,0.91581201,12.47714843,1.091927153,12.47714843
7.97,State4,624.794,49.8174,682.055,674.6114,0.07973412,0.073040151,0.91604636,12.54168222,1.091647807,12.54168222
8.02,State5,624.047,49.1075,680.109,673.1545,0.07869199,0.072205338,0.917569096,12.70777376,1.089836182,12.70777376
8.07,State5,621.768,48.7458,677.681,670.5138,0.078398695,0.071930303,0.917493629,12.7553143,1.089925824,12.7553143
8.10,State5,621.119,48.2388,675.79,669.3578,0.077664345,0.071381346,0.919100608,12.87592146,1.08802017,12.87592146
8.15,State5,620.56,48.4272,674.814,668.9872,0.078037901,0.071763775,0.919601549,12.81428619,1.087427485,12.81428619
8.20,State5,620.201,48.63,674.78,668.831,0.078410064,0.072067933,0.91911586,12.75346494,1.088002115,12.75346494
8.25,State5,618.434,49.389,673.868,667.823,0.079861392,0.073291802,0.917737598,12.52169511,1.089636081,12.52169511
8.28,State5,616.443,50.0382,672.205,666.4812,0.081172469,0.074438899,0.917046139,12.31944794,1.090457674,12.31944794
8.33,State5,614.518,50.837,670.925,665.355,0.082726625,0.075771509,0.915926519,12.08800677,1.091790639,12.08800677
8.38,State5,612.292,51.8566,669.784,664.1486,0.084692598,0.077422871,0.914163372,11.80740735,1.093896376,11.80740735
8.42,State5,609.753,52.9949,668.221,662.7479,0.086912078,0.079307445,0.912502002,11.50588075,1.095888007,11.50588075
8.47,State5,606.761,53.9949,666.188,660.7559,0.088988745,0.081050544,0.910795451,11.23737612,1.097941364,11.23737612
8.52,State5,603.771,54.8971,663.991,658.6681,0.090923711,0.082677476,0.909306,10.99823124,1.099739802,10.99823124
8.55,State5,600.438,55.9431,661.566,656.3811,0.093170486,0.084561631,0.907601056,10.73301265,1.101805682,10.73301265
8.60,State5,596.93,56.7196,658.693,653.6496,0.095018846,0.08610931,0.906234012,10.52422796,1.103467743,10.52422796
8.65,State5,593.188,57.3927,655.384,650.5807,0.096752969,0.087571103,0.905099911,10.33560017,1.104850402,10.33560017
8.70,State5,589.028,57.9813,651.871,647.0093,0.098435558,0.088945972,0.903595957,10.15893055,1.106689325,10.15893055
8.73,State5,584.624,58.6378,647.873,643.2618,0.100300022,0.090508171,0.902374385,9.970087554,1.108187485,9.970087554
8.78,State5,580.272,59.1868,644.02,639.4588,0.101998373,0.091902115,0.901015496,9.804077936,1.109858825,9.804077936
8.83,State5,575.175,59.9039,639.517,635.0789,0.104148998,0.093670536,0.899389696,9.601628608,1.111865085,9.601628608
8.87,State5,569.95,60.6011,634.701,630.5511,0.106327046,0.095479761,0.897981884,9.404944795,1.113608211,9.404944795
8.92,State5,564.273,61.267,629.57,625.54,0.108576877,0.097315628,0.896283177,9.210064145,1.11571881,9.210064145
8.97,State5,558.384,61.9389,624.301,620.3229,0.110925277,0.0992132,0.894414713,9.015077762,1.118049586,9.015077762
9.00,State5,552.072,62.6842,618.419,614.7562,0.113543523,0.101362022,0.892715133,8.807195434,1.120178165,8.807195434
9.05,State5,545.788,63.2877,612.574,609.0757,0.115956562,0.103314375,0.890974805,8.623919024,1.122366193,8.623919024
9.10,State5,542.385,63.2658,606.83,605.6508,0.116643712,0.104256217,0.89380057,8.573115332,1.118817814,8.573115332
9.15,State5,542.502,59.5456,604.221,602.0476,0.10976107,0.098549372,0.8978536,9.110698356,1.113767323,9.110698356
9.18,State5,541.935,54.9758,598.995,596.9108,0.101443531,0.091780065,0.90474044,9.857701025,1.10528938,9.857701025
9.23,State5,540.155,50.3406,592.585,590.4956,0.093196582,0.084950851,0.911523241,10.73000719,1.097064731,10.73000719
9.28,State5,538.236,45.4954,585.35,583.7314,0.084526862,0.077723413,0.919511403,11.83055869,1.087534093,11.83055869
9.32,State5,537.369,39.986,578.654,577.355,0.074410694,0.069101743,0.928653392,13.43892863,1.076828027,13.43892863
9.37,State5,536.187,34.7313,571.805,570.9183,0.064774603,0.060739763,0.937709534,15.43814945,1.066428317,15.43814945
9.42,State5,533.808,30.2892,564.752,564.0972,0.05674175,0.053632745,0.945207808,17.62370746,1.057968408,17.62370746
9.45,State5,530.704,25.8223,556.893,556.5263,0.04865669,0.046368512,0.952973013,20.55215841,1.049347659,20.55215841
9.50,State5,527.457,21.0968,548.034,548.5538,0.039997194,0.038495422,0.962453059,25.00175382,1.039011711,25.00175382
9.55,State5,522.546,15.7323,536.468,538.2783,0.030107015,0.029325701,0.974048778,33.21485098,1.026642631,33.21485098
9.60,State5,515.847,10.0172,523.53,525.8642,0.019418936,0.019133956,0.985324623,51.49612666,1.014893951,51.49612666
9.63,State5,507.95,3.87087,508.681,511.82087,0.007620573,0.007609622,0.99856295,131.2237301,1.001439118,131.2237301
9.68,State5,498.861,-3.44543,491.493,495.41557,-0.006906593,-0.00701013,1.014991058,-144.7891845,0.985230355,-144.7891845
9.73,State5,488.081,-10.9126,473.127,477.1684,-0.022358174,-0.023064843,1.031606736,-44.72637135,0.969361643,-44.72637135
9.77,State5,474.835,-17.5599,451.559,457.2751,-0.036981057,-0.038887277,1.051545867,-27.04087153,0.950980867,-27.04087153
9.82,State5,458.768,-23.9657,428.646,434.8023,-0.052239258,-0.055910238,1.070272439,-19.14269143,0.934341541,-19.14269143
9.87,State5,441.26,-29.692,403.989,411.568,-0.067289127,-0.073497051,1.092257462,-14.86124209,0.915535059,-14.86124209
9.90,State5,419.662,-35.9408,374.781,383.7212,-0.085642255,-0.095898138,1.119752602,-11.6764791,0.89305441,-11.6764791
9.95,State5,396.965,-41.1049,347.212,355.8601,-0.10354792,-0.118385597,1.143292859,-9.65736445,0.874666532,-9.65736445
10.00,State6,371.099,-45.2495,316.319,325.8495,-0.12193377,-0.143050212,1.173179607,-8.201173494,0.852384404,-8.201173494
10.05,State6,340.309,-50.7493,278.854,289.5597,-0.149127117,-0.181992369,1.220384144,-6.705688551,0.819414121,-6.705688551
10.08,State6,314.949,-54.8147,240.752,260.1343,-0.174043099,-0.227681182,1.308188509,-5.745703251,0.764415826,-5.745703251
10.13,State6,317.892,-71.7892,223.153,246.1028,-0.225828898,-0.321703943,1.424547284,-4.428131251,0.701977401,-4.428131251
10.18,State6,317.242,-89.0829,204.317,228.1591,-0.280804244,-0.436003367,1.552695077,-3.561199736,0.644041457,-3.561199736
10.22,State6,306.406,-106.73,177.261,199.676,-0.348328688,-0.602106498,1.728558453,-2.870851682,0.578516739,-2.870851682
10.27,State6,290.919,-120.716,145.932,170.203,-0.414947116,-0.827207192,1.993524381,-2.409945658,0.501624163,-2.409945658
10.32,State6,283.972,-136.04,122.849,147.932,-0.479061316,-1.107375721,2.311553208,-2.087415466,0.432609553,-2.087415466
10.35,State6,276.934,-144.719,104.543,132.215,-0.522575776,-1.384301197,2.648996107,-1.913598076,0.377501499,-1.913598076
10.40,State6,259.562,-151.821,84.1787,107.741,-0.584912275,-1.803556006,3.083464107,-1.709658084,0.324310569,-1.709658084
10.45,State6,241.221,-158.359,57.1068,82.862,-0.656489277,-2.773032283,4.224032865,-1.523254125,0.236740582,-1.523254125
10.50,State6,219.414,-165.361,25.6356,54.053,-0.753648354,-6.450443914,8.558957075,-1.326878768,0.116836665,-1.326878768
10.53,State6,199.975,-173.95,-1.30187,26.025,-0.869858732,133.6154916,-153.6059668,-1.149611957,-0.006510164,-1.149611957
10.58,State6,174.387,-180.214,-28.8882,-5.827,-1.033414188,6.238325683,-6.036617027,-0.967666219,-0.165655697,-0.967666219
10.63,State6,151.574,-182.884,-54.02,-31.31,-1.20656577,3.385486857,-2.805886709,-0.828798583,-0.356393577,-0.828798583
10.67,State6,123.402,-186.223,-81.5932,-62.821,-1.509076028,2.282334802,-1.512405446,-0.662657137,-0.66119836,-0.662657137
10.72,State6,98.3945,-186.862,-108.271,-88.4675,-1.899110214,1.725873041,-0.908779821,-0.526562383,-1.100376545,-0.526562383
10.77,State6,72.4787,-185.947,-136.598,-113.4683,-2.565539945,1.361271761,-0.530598545,-0.389781497,-1.884664046,-0.389781497
10.80,State6,47.1469,-191.192,-165.018,-144.0451,-4.055240111,1.158613,-0.28570762,-0.246594523,-3.50008166,-0.246594523
10.85,State6,20.2307,-194.058,-195.276,-173.8273,-9.592253358,0.993762674,-0.103600545,-0.104250791,-9.652458887,-0.104250791
10.90,State6,-6.14236,-200.477,-228.618,-206.61936,32.63843213,0.876908205,0.026867351,0.030638727,37.21989594,0.030638727
10.95,State6,-32.2174,-209.581,-264.539,-241.7984,6.50521147,0.792249914,0.121786958,0.153722904,8.211059862,0.153722904
10.98,State6,-61.4821,-217.59,-302.195,-279.0721,3.539078854,0.720031768,0.203451745,0.282559401,4.915170432,0.282559401
11.03,,-92.6017,-226.473,-343.498,-319.0747,2.445667844,0.659313882,0.269584394,0.408886269,3.709413542,0.408886269
11.08,,-123.943,-234.248,-379.329,-358.191,1.889965549,0.617532538,0.326742748,0.529110174,3.060511687,0.529110174
11.12,,-160.701,-235.801,-419.658,-396.502,1.467327521,0.56188849,0.382933246,0.681511105,2.611421211,0.681511105
11.17,,-203.326,-233.496,-459.556,-436.822,1.148382401,0.508090418,0.442440094,0.870790078,2.260192991,0.870790078
11.22,,-244.637,-228.286,-499.296,-472.923,0.933162195,0.45721576,0.489963869,1.071625067,2.04096682,1.071625067
11.25,,-287.824,-223.669,-534.879,-511.493,0.777103369,0.418167473,0.538110489,1.286830093,1.858354411,1.286830093
11.30,,-332.445,-218.532,-575.47,-550.977,0.657347832,0.379745252,0.577693016,1.52126462,1.731023177,1.52126462
11.35,,-380.985,-214.669,-618.286,-595.654,0.563457879,0.347200163,0.616195418,1.774755554,1.622861792,1.774755554
11.40,,-421.85,-209.397,-647.498,-631.247,0.496377859,0.323394049,0.651507804,2.014594287,1.534901031,2.014594287
11.43,,-456.594,-197.955,-672.797,-654.549,0.43354709,0.294226936,0.67865047,2.30655452,1.473512574,2.30655452
11.48,,-485.328,-188.177,-690.397,-673.505,0.387731596,0.272563467,0.702969451,2.579103716,1.422536923,2.579103716
11.53,,-512.975,-178.731,-710.954,-691.706,0.348420488,0.251396012,0.721530507,2.870095283,1.385942785,2.870095283
11.57,,-533.314,-174.774,-726.954,-708.088,0.32771313,0.240419614,0.733628263,3.0514493,1.363088162,3.0514493
11.62,,-547.262,-176.45,-741.886,-723.712,0.322423263,0.237839776,0.737663199,3.101513177,1.35563222,3.101513177
11.67,,-559.786,-177.866,-755.706,-737.652,0.317739279,0.235364017,0.74074574,3.147234435,1.349990889,3.147234435
11.70,,-574.99,-178.771,-771.246,-753.761,0.310911494,0.231795043,0.74553385,3.216349408,1.341320719,3.216349408
11.75,,-588.134,-177.607,-783.664,-765.741,0.301983902,0.226636671,0.750492558,3.311434797,1.332458249,3.311434797
11.80,,-598.789,-174.364,-792.204,-773.153,0.291194394,0.220099873,0.755852028,3.434132046,1.323010276,3.434132046
11.85,,-609.782,-172.181,-800.68,-781.963,0.282364845,0.215043463,0.761580157,3.541517357,1.313059421,3.541517357
11.88,,-620.665,-169.355,-807.77,-790.02,0.272860561,0.209657452,0.768368471,3.664875557,1.301458919,3.664875557
11.93,,-631.174,-166.47,-815.827,-797.644,0.263746606,0.204050614,0.773661573,3.791517991,1.292554826,3.791517991
11.98,,-640.426,-163.745,-821.539,-804.171,0.255681375,0.199314944,0.779544246,3.911117897,1.282800823,3.911117897
12.02,,-649.898,-160.28,-828.401,-810.178,0.246623316,0.193481176,0.784521023,4.054766658,1.274663101,4.054766658
12.07,,-659.108,-158.802,-835.62,-817.91,0.240934718,0.190040928,0.788765228,4.150501883,1.267804366,4.150501883
12.12,,-672.03,-155.172,-843.028,-827.202,0.230900406,0.184065061,0.797162135,4.330871549,1.25444995,4.330871549
12.15,,-685.37,-150.911,-851.728,-836.281,0.220189095,0.177182152,0.804681776,4.54155098,1.242727286,4.54155098
12.20,,-698.842,-146.328,-860.91,-845.17,0.209386385,0.169968986,0.811748034,4.775859712,1.231909359,4.775859712
12.25,,-711.86,-141.445,-869.307,-853.305,0.198697778,0.162710067,0.818882167,5.032768921,1.221176917,5.032768921
12.30,,-724.025,-139.389,-878.261,-863.414,0.192519595,0.158710224,0.824384779,5.194276449,1.213025793,5.194276449
12.33,,-735.718,-137.977,-888.598,-873.695,0.187540607,0.155274939,0.827953698,5.332178551,1.207797009,5.332178551
12.38,,-746.343,-136.236,-896.27,-882.579,0.182538056,0.152003303,0.832721167,5.478309698,1.200882168,5.478309698
12.43,,-756.16,-133.512,-904.082,-889.672,0.176565806,0.14767687,0.83638431,5.663610762,1.19562262,5.663610762
12.47,,-765.217,-130.703,-909.768,-895.92,0.170805144,0.143666297,0.84111224,5.854624607,1.188901972,5.854624607
12.52,,-773.866,-127.103,-914.879,-900.969,0.164244197,0.138928755,0.845867049,6.088495157,1.182218885,6.088495157
12.57,,-781.214,-125.252,-920.37,-906.466,0.160329948,0.136088747,0.848804285,6.23713793,1.178127888,6.23713793
12.60,,-788.351,-123.774,-925.777,-912.125,0.15700367,0.133697424,0.851556044,6.369277877,1.174320829,6.369277877
12.65,,-794.871,-122.647,-930.86,-917.518,0.154297993,0.131756655,0.853910362,6.480965698,1.171083107,6.480965698
12.70,,-801.011,-121.43,-936.019,-922.441,0.151595921,0.129730273,0.855763612,6.596483571,1.168546999,6.596483571
12.75,,-806.888,-119.422,-939.874,-926.31,0.148003193,0.127061713,0.858506566,6.75661101,1.164813456,6.75661101
12.78,,-812.474,-117.563,-943.547,-930.037,0.144697553,0.124596867,0.861084821,6.910966886,1.161325778,6.910966886
12.83,,-817.727,-115.468,-946.706,-933.195,0.14120605,0.121968172,0.863760238,7.081849517,1.15772868,7.081849517
12.88,,-822.597,-113.322,-949.008,-935.919,0.137761261,0.119411006,0.866796697,7.258934717,1.153673062,7.258934717
12.92,,-826.983,-111.077,-951.108,-938.06,0.134315941,0.116786947,0.869494316,7.445132656,1.150093775,7.445132656
12.97,,-831.218,-108.646,-952.842,-939.864,0.130706987,0.114023101,0.872356592,7.65070044,1.146320219,7.65070044
13.02,,-835.133,-106.407,-954.423,-941.54,0.127413238,0.111488302,0.87501349,7.848478014,1.142839524,7.848478014
13.05,,-838.264,-104.497,-955.417,-942.761,0.124658819,0.109373185,0.877380243,8.021895365,1.139756688,8.021895365
13.10,,-841.955,-103.618,-956.887,-945.573,0.123068335,0.108286558,0.879889684,8.125566986,1.136506108,8.125566986
13.15,,-846.564,-102.732,-960.56,-949.296,0.121351723,0.106950112,0.881323395,8.240509286,1.134657273,8.240509286
13.20,,-850.532,-101.802,-963.645,-952.334,0.119692146,0.105642638,0.882619637,8.354767097,1.132990881,8.354767097
13.23,,-853.715,-101.434,-966.457,-955.149,0.118814827,0.104954488,0.883345043,8.416457992,1.132060465,8.416457992
13.28,,-856.544,-101.689,-969.236,-958.233,0.118720112,0.104916656,0.883731104,8.423172615,1.131565921,8.423172615
13.33,,-859.071,-102.107,-971.932,-961.178,0.118857463,0.105055703,0.883879736,8.413438844,1.131375637,8.413438844
13.37,,-860.499,-101.681,-972.649,-962.18,0.118165158,0.104540281,0.884696329,8.462731484,1.130331354,8.462731484
13.42,,-861.557,-100.682,-972.726,-962.239,0.116860521,0.103504995,0.885713963,8.557209829,1.12903267,8.557209829
13.47,,-862.24,-99.4953,-972.135,-961.7353,0.115391654,0.102347205,0.886955001,8.666137998,1.127452913,8.666137998
13.50,,-862.412,-98.644,-971.29,-961.056,0.114381525,0.101559781,0.887903716,8.742670614,1.126248243,8.742670614
13.55,,-861.538,-98.8555,-970.452,-960.3935,0.114743053,0.101865419,0.887769823,8.715124601,1.126418103,8.715124601
13.60,,-860.408,-99.1878,-969.531,-959.5958,0.11527996,0.102304929,0.887447642,8.67453457,1.12682704,8.67453457
13.65,,-858.891,-99.6857,-968.39,-958.5767,0.116063272,0.102939621,0.886926755,8.615990057,1.12748882,8.615990057
13.68,,-856.95,-99.703,-966.67,-956.653,0.116346345,0.103140679,0.886496943,8.595027231,1.128035475,8.595027231
13.73,,-854.635,-99.6935,-964.303,-954.3285,0.116650383,0.103383999,0.886272261,8.572625096,1.128321447,8.572625096
13.78,,-852.103,-99.6911,-961.78,-951.7941,0.11699419,0.103652706,0.885964566,8.547433021,1.128713313,8.547433021
13.82,,-849.24,-99.6944,-958.71,-948.9344,0.117392492,0.103988067,0.885815314,8.518432329,1.12890349,8.518432329
13.87,,-845.855,-99.4043,-954.881,-945.2593,0.117519315,0.104101244,0.885822422,8.50923954,1.128894432,8.50923954
13.92,,-842.245,-98.9351,-950.817,-941.1801,0.117465939,0.104052725,0.885811886,8.513106067,1.128907859,8.513106067
13.95,,-838.385,-98.4814,-946.44,-936.8664,0.117465604,0.104054562,0.885830058,8.513130398,1.128884701,8.513130398
